id_mutation,date_mutation,numero_disposition,nature_mutation,valeur_fonciere,adresse_numero,adresse_suffixe,adresse_nom_voie,adresse_code_voie,code_postal,code_commune,nom_commune,code_departement,ancien_code_commune,ancien_nom_commune,id_parcelle,ancien_id_parcelle,numero_volume,lot1_numero,lot1_surface_carrez,lot2_numero,lot2_surface_carrez,lot3_numero,lot3_surface_carrez,lot4_numero,lot4_surface_carrez,lot5_numero,lot5_surface_carrez,nombre_lots,code_type_local,type_local,surface_reelle_bati,nombre_pieces_principales,code_nature_culture,nature_culture,code_nature_culture_speciale,nature_culture_speciale,surface_terrain,longitude,latitude
2024-1193218,2024-01-04,000001,Vente,1042000,4,,VLA PERREUR,7288,75020,75120,Paris 20e Arrondissement,75,,,75120000BM0133,,,147,,99,,,,,,,,2,2,Appartement,86,4,,,,,,2.405228,48.868216
2024-1193218,2024-01-04,000001,Vente,1042000,4,,VLA PERREUR,7288,75020,75120,Paris 20e Arrondissement,75,,,75120000BM0133,,,147,,99,,,,,,,,2,3,Dépendance,,0,,,,,,2.405228,48.868216
2024-1193218,2024-01-04,000001,Vente,1042000,16,,RUE DE LA DHUIS,2786,75020,75120,Paris 20e Arrondissement,75,,,75120000BM0133,,,39,,,,,,,,,,1,3,Dépendance,,0,,,,,,2.405228,48.868216
2024-1193218,2024-01-04,000001,Vente,1042000,16,,RUE DE LA DHUIS,2786,75020,75120,Paris 20e Arrondissement,75,,,75120000BM0133,,,40,,,,,,,,,,1,3,Dépendance,,0,,,,,,2.405228,48.868216
2024-1193218,2024-01-04,000001,Vente,1042000,4,,VLA PERREUR,7288,75020,75120,Paris 20e Arrondissement,75,,,75120000BM0133,,,147,,99,,,,,,,,2,3,Dépendance,,0,,,,,,2.405228,48.868216
2024-1193219,2024-01-04,000001,Vente,299120,17,B,RUE DU ROI D ALGER,8314,75018,75118,Paris 18e Arrondissement,75,,,75118000BF0053,,,20,36.88,21,,,,,,,,2,2,Appartement,36,3,,,,,,2.347665,48.895338
2024-1193220,2024-01-03,000001,Vente,426471,166,,AV PARMENTIER,7067,75010,75110,Paris 10e Arrondissement,75,,,75110000BJ0060,,,22,,,,,,,,,,1,2,Appartement,42,1,,,,,,2.370282,48.871532
2024-1193221,2024-01-08,000001,Vente,778000,76,,RUE VIEILLE DU TEMPLE,9783,75003,75103,Paris 3e Arrondissement,75,,,75103000AP0026,,,114,,,,,,,,,,1,2,Appartement,60,3,,,,,,2.36051,48.859577
2024-1193221,2024-01-08,000001,Vente,778000,76,,RUE VIEILLE DU TEMPLE,9783,75003,75103,Paris 3e Arrondissement,75,,,75103000AP0026,,,130,,,,,,,,,,1,3,Dépendance,,0,,,,,,2.36051,48.859577
2024-1193221,2024-01-08,000001,Vente,778000,76,,RUE VIEILLE DU TEMPLE,9783,75003,75103,Paris 3e Arrondissement,75,,,75103000AP0026,,,130,,,,,,,,,,1,2,Appartement,63,3,,,,,,2.36051,48.859577
2024-1193221,2024-01-08,000001,Vente,778000,76,,RUE VIEILLE DU TEMPLE,9783,75003,75103,Paris 3e Arrondissement,75,,,75103000AP0026,,,114,,,,,,,,,,1,3,Dépendance,,0,,,,,,2.36051,48.859577
2024-1193222,2024-01-05,000001,Vente,630000,1,,QUAI DE LA SEINE,8912,75019,75119,Paris 19e Arrondissement,75,,,75119000AR0001,,,25,,,,,,,,,,1,3,Dépendance,,0,,,,,,2.36959,48.884423
2024-1193222,2024-01-05,000001,Vente,630000,1,,QUAI DE LA SEINE,8912,75019,75119,Paris 19e Arrondissement,75,,,75119000AR0001,,,10,66.09,,,,,,,,,1,2,Appartement,66,2,,,,,,2.36959,48.884423
2024-1193223,2024-01-05,000001,Vente,173025,1,,RUE DE L ADJUDANT REAU,0053,75020,75120,Paris 20e Arrondissement,75,,,75120000BM0064,,,19,,,,,,,,,,1,2,Appartement,17,1,,,,,,2.405022,48.867372
2024-1193224,2024-01-08,000001,Vente,170000,3,,PAS BASFOUR,0698,75002,75102,Paris 2e Arrondissement,75,,,75102000AM0055,,,13,,,,,,,,,,1,3,Dépendance,,0,,,,,,2.351308,48.866263
2024-1193224,2024-01-08,000001,Vente,170000,3,,PAS BASFOUR,0698,75002,75102,Paris 2e Arrondissement,75,,,75102000AM0055,,,2,,,,,,,,,,1,4,Local industriel. commercial ou assimilé,14,0,,,,,,2.351308,48.866263
2024-1193225,2024-01-03,000001,Vente,392000,24,,RUE ARTHUR ROZIER,0481,75019,75119,Paris 19e Arrondissement,75,,,75119000DZ0109,,,44,41.96,,,,,,,,,1,2,Appartement,40,2,,,,,,2.391306,48.878743
2024-1193226,2024-01-03,000001,Vente,160000,13,,AV DE CLICHY,2112,75017,75117,Paris 17e Arrondissement,75,,,75117000CM0117,,,26,,27,,,,,,,,2,2,Appartement,22,2,,,,,,2.326389,48.884674
2024-1193227,2024-01-03,000001,Vente,542000,40,,RUE ORFILA,6924,75020,75120,Paris 20e Arrondissement,75,,,75120000CE0086,,,52,,61,,71,,92,,,,4,1,Maison,30,2,,,,,,2.396685,48.86604
2024-1193228,2024-01-08,000001,Vente,18000,14,,RUE ALFRED DE VIGNY,0179,75008,75108,Paris 8e Arrondissement,75,,,75108000CO0019,,,35,,,,,,,,,,1,3,Dépendance,,0,,,,,,2.305443,48.879285
2024-1193229,2024-01-05,000001,Vente,228000,20,,RUE LETORT,5630,75018,75118,Paris 18e Arrondissement,75,,,75118000BH0017,,,5,,66,,,,,,,,2,3,Dépendance,,0,,,,,,2.343376,48.894574
2024-1193229,2024-01-05,000001,Vente,228000,20,,RUE LETORT,5630,75018,75118,Paris 18e Arrondissement,75,,,75118000BH0017,,,5,,66,,,,,,,,2,2,Appartement,26,2,,,,,,2.343376,48.894574
2024-1193230,2024-01-05,000001,Vente,1067000,54,,RUE DES DAMES,2523,75017,75117,Paris 17e Arrondissement,75,,,75117000CL0063,,,50,90.42,,,,,,,,,1,2,Appartement,130,6,,,,,,2.321264,48.883983
2024-1193230,2024-01-05,000001,Vente,1067000,54,,RUE DES DAMES,2523,75017,75117,Paris 17e Arrondissement,75,,,75117000CL0063,,,14,,,,,,,,,,1,3,Dépendance,,0,,,,,,2.321264,48.883983
2024-1193231,2024-01-04,000001,Vente,188219,64,,BD DE LA VILLETTE,9838,75019,75119,Paris 19e Arrondissement,75,,,75119000EW0031,,,24,,,,,,,,,,1,2,Appartement,28,2,,,,,,2.374061,48.875243
2024-1193232,2024-01-04,000001,Vente,650000,27,,RUE JOUBERT,5026,75009,75109,Paris 9e Arrondissement,75,,,75109000AL0054,,,90,60.44,,,,,,,,,1,4,Local industriel. commercial ou assimilé,59,0,,,,,,2.330483,48.874388
2024-1193233,2024-01-05,000001,Vente,195000,15,,RUE FRAGONARD,3777,75017,75117,Paris 17e Arrondissement,75,,,75117000DD0209,,,8,22.09,,,,,,,,,1,2,Appartement,25,1,,,,,,2.315548,48.894484
2024-1193234,2024-01-02,000001,Vente,4500000,8,,AV MONTAIGNE,6450,75008,75108,Paris 8e Arrondissement,75,,,75108000AK0045,,,233,,681,145.22,,,,,,,2,2,Appartement,162,3,,,,,,2.304497,48.865627
2024-1193234,2024-01-02,000001,Vente,4500000,8,,AV MONTAIGNE,6450,75008,75108,Paris 8e Arrondissement,75,,,75108000AK0045,,,164,,,,,,,,,,1,3,Dépendance,,0,,,,,,2.304497,48.865627
2024-1193234,2024-01-02,000001,Vente,4500000,8,,AV MONTAIGNE,6450,75008,75108,Paris 8e Arrondissement,75,,,75108000AK0045,,,19,,,,,,,,,,1,3,Dépendance,,0,,,,,,2.304497,48.865627
2024-1193234,2024-01-02,000001,Vente,4500000,8,,AV MONTAIGNE,6450,75008,75108,Paris 8e Arrondissement,75,,,75108000AK0045,,,476,,,,,,,,,,1,3,Dépendance,,0,,,,,,2.304497,48.865627
2024-1193234,2024-01-02,000001,Vente,4500000,8,,AV MONTAIGNE,6450,75008,75108,Paris 8e Arrondissement,75,,,75108000AK0045,,,233,,681,145.22,,,,,,,2,3,Dépendance,,0,,,,,,2.304497,48.865627
2024-1193235,2024-01-03,000001,Vente,275000,3,,BD DU PALAIS,7006,75004,75104,Paris 4e Arrondissement,75,,,75104000AY0001,,,17,17.31,26,,27,,,,,,3,2,Appartement,10,1,,,,,,2.346071,48.855106
2024-1193236,2024-01-04,000001,Vente,901200,54,,RUE DES DAMES,2523,75017,75117,Paris 17e Arrondissement,75,,,75117000CL0063,,,48,,49,,,,,,,,2,2,Appartement,75,3,,,,,,2.321264,48.883983
2024-1193236,2024-01-04,000001,Vente,901200,54,,RUE DES DAMES,2523,75017,75117,Paris 17e Arrondissement,75,,,75117000CL0063,,,17,,,,,,,,,,1,3,Dépendance,,0,,,,,,2.321264,48.883983
2024-1193237,2024-01-03,000001,Vente,447000,18,,PL DU MARCHE ST HONORE,6033,75001,75101,Paris 1er Arrondissement,75,,,75101000AZ0087,,,27,,5,,,,,,,,2,3,Dépendance,,0,,,,,,2.331672,48.86631
2024-1193237,2024-01-03,000001,Vente,447000,18,,PL DU MARCHE ST HONORE,6033,75001,75101,Paris 1er Arrondissement,75,,,75101000AZ0087,,,27,,5,,,,,,,,2,2,Appartement,33,2,,,,,,2.331672,48.86631
2024-1193238,2024-01-08,000001,Vente,561000,6,,RUE CASTEX,1601,75004,75104,Paris 4e Arrondissement,75,,,75104000AP0021,,,6,40.41,8,40.41,,,,,,,2,2,Appartement,43,2,,,,,,2.36636,48.852716
2024-1193238,2024-01-08,000001,Vente,561000,6,,RUE CASTEX,1601,75004,75104,Paris 4e Arrondissement,75,,,75104000AP0021,,,6,40.41,8,40.41,,,,,,,2,3,Dépendance,,0,,,,,,2.36636,48.852716
2024-1193239,2024-01-08,000001,Vente,357745.94,21,,RUE DAMREMONT,2534,75018,75118,Paris 18e Arrondissement,75,,,75118000AT0008,,,26,,32,,,,,,,,2,3,Dépendance,,0,,,,,,2.332952,48.888822
